Letter,Word_1,Word_2,Word_3,Word_4,Word_5,Word_6,Word_7,Word_8,Word_9,Word_10
a,amazon,apkpure,amazon india,amazon prime,aaj tak,anydesk,axis bank,apple,anyror,aadhar card
b,bank of baroda,birthday wishes,bp,bobibanking,bajaj finance,brucellosis,blue dart,bet365,bayern munich,bob
c,coronavirus,cricbuzz,covid-19,croma,csk,csk team 2020,cricket,corona update,calculator,covid 19 india
d,dream11,dow jones,dpboss,digital gujarat,diwali 2020,divya bhaskar,dil bechara,dollar rate,dominos,disha salian
e,epfo,english to hindi,english to gujarati,eway bill,england vs west indies,england vs pakistan,epic games,english to tamil,english to marathi,epfo login
f,facebook,flipkart,free fire,flipkart seller,filmyzilla,fm whatsapp,freepik,free fire name,fitness,freejobalert
g,google,google translate,gmail,google classroom,google meet,gtu result,gold price,gst login,gold price in india,gst
h,hotstar,hanuman chalisa,hdfc,hdfc bank,hello,hdfc netbanking,hindi to english,happy birthday,hanuman chalisa lyrics,hindi news
i,instagram,ipl 2020,irctc,instagram login,icici bank,images,ipl 2020 schedule,income tax,ipl schedule,itc share price
j,jiomart,jpg to pdf,jio,jio recharge,just dial,jio fiber,jio tv,jannat zubair,jiah khan,jio fiber plans
k,kia sonet,khatrimaza,kpsc,khuda hafiz,kotak,katrina kaif,kareena kapoor,kotak net banking,kangana ranaut,kedarnath
l,love,lulubox,linkedin,lic,live news,lucky patcher,lootcase,live score,latest news,love quotes
m,matka,mi vs csk,mx player,myntra,maru gujarat,moneycontrol,mi,my activity,mumbai indians,moviesflix
n,netflix,new movies,news,nickfinder,nse,nsp,nvsp,nia sharma,nrega,new song 2020
o,oneplus nord,onlinesbi,olx,oppo f17 pro,oneplus,ojas,oppo,oppo f15,oneplus nord price,oppo a53
p,paytm,pinterest,pubg mobile,parivahan,pubg mobile lite,play store,pubg,pm kisan,pubg lite,pdf to word
q,quotes,quora,quick heal,qr code scanner,quotes on life,quarantine,quizizz,quikr,quinoa,qr code
r,remove bg,redmi note 9 pro,redmi note 8,realme,realme 7 pro,realme 6,realme 7,riya chakravarthi,realme 6 pro,reliance digital
s,satta,speed test,sbi online,sony liv,sushant singh,samsung,satta king,sbi,samsung mobile,samsung m31
t,translate,tik tok,twitter,truecaller,telegram,tap tap,telegram web,today gold price,tata cliq,tata sky
u,uidai,uan,usd to inr,uppcl,uc browser,upcoming ipo,uwatchfree,urmila matondkar,ugc,upsc
v,vnsgu,vidmate,video,voot,vivo s1,vivo,vivo v19,vijay sales,vidmate apk,vivo y15
w,whatsapp web,weather,whatsapp,worldometer,weather tomorrow,wallpaper hd,word to pdf,weather today,wallpaper,whatsapp download
x,xender,x,xxxtentacion,xcx,xender web,xender apk,xender download,xxv,xpressbees,xender app
y,youtube,yahoo mail,yahoo,you,youtube to mp3,you broadband,youtube video,yes bank,yes bank share price,y
z,zoom,zee5,zoom meeting,zoom app,zerodha,zomato,zedge,zee news live,zara,zerodha kite
0,0,01,00,02,03,04,05,06,08,09
1,1,123mkv,13 reasons why,1 million in rupees,1mg,1337×,13377x,1 million,10th result 2020,1+ mobile
2,2,2020,2gud,2020 ipl time table,2020 diwali date,2019 bollywood movies list,2020 bollywood movies list,2019 ipl winner,2000,2020 ipl schedule
3,365 days,3,3 idiots,3d warehouse,3d wallpaper,3movierulz plz,3utools,300,32 inch smart tv,3m mask
4,4,4rabet,4k wallpaper,40,4k video,40 spelling,4k video downloader,4k,4k wallpaper for pc,47 meters down
5,5,5 minute crafts,5paisa,5g mobile,50,500 dollars in rupees,5paisa login,5.5 feet in cm,5 feet in cm,5 minute
6,6,6 underground,64 gb memory card,6 feet in cm,64 gb pendrive,60,650,66,6gb ram mobile,64 gb pendrive price
7,7,7/12,7starhd me,7 wonders of the world,7 continents,7zip,7/12 gujarat,7 seater car,7zip download,7 12 utara
8,8,8 ball pool,83,802.11 n wlan driver,8gb ram mobile,8gb ram,8 ball pool hack,8xflix,8a dual,8000 price mobile
9,9xmovies,9xflix,9apps,99acres,9,91mobiles,9xmovies win,9xbuddy,999,9xmovies pw
.,.com,.l,.m,.net framework,.org,. gov,. n,.net framework 4.5,.net,.in
@,@home,@home surat,@,@mango,@ meaning,@home online store,@gov,@gmail,@home website,@ symbol name
-,-,- meaning,- symbol,- is called,- symbol meaning,- symbol name,- in r,- i effect,- spam,-1
*,*#07#,***,* meaning,*#*#4636#*#*,*required,*#0*#,*121#,*le meaning,** in python,*#06#
$,$ to inr,$1,$1 in rupees,$1 in indian rupees,$,$ 1 rs,$30,$100 in rupees,$50 in indian rupees,$5 in indian rupees
/,/,// in python,/ meaning,//server,//flags,/x,/a,/n software,/login,///sdcard
_,_,_ meaning,_vois,_+_=8,__repr__ python,_ meaning in hindi,_ meaning in english,_ _,__dict__ python,_+_+_=30
(,(a+b)^3,(,(a+b+c)^2,(http //epathshala.nic.in),(a+b)^3 formula,(a+b+c)^3,(√5+√2)2,(x+y)^3,(-9)+_=0,(32)2/5
),),) meaning in chat,) meaning,) emoji,) meaning in text,) emoji meaning,) meaning in chat symbols,)l,) emoji code,)p
#,#,#alive,# meaning,#tag,#4200gujarat,#gtu,## in c,#metoo,#stayhomeindiawithbooks has been started by,# for instagram
&,&,&tv,&nbsp,& pictures,&tv live,&tv serials list,&nbsp html meaning,&tv app,& pictures live,& pictures schedule
+,+,+2 admission,+ 44 code,+92,+2 admission 2020-21,+44,+2 merit list,+2 first selection,+3 admission,+ 44 which country code
=,=,= meaning in math,=== in php,= meaning,=== in javascript,== and === difference,= meaning in english,= in python,== in java,== in c
^,^ meaning,^,^ symbol name,^ in python,^ meaning in math,^gspc,^ symbol meaning,^ixic,^ symbol meaning in maths,^ operator in c
